number,value,datetime_start,datetime_complete,duration,params_activation,params_dropout_rate,params_finetune_epochs,params_finetune_lr,params_latent_size,params_num_hidden_layers,params_pretrain_adv_weight,params_pretrain_epochs,params_pretrain_lr,user_attrs_Hold Out Test Finetune AUC,user_attrs_Hold Out Test Rand AUC,user_attrs_finetune AUC avg,user_attrs_finetune AUC std,user_attrs_number of input peaks,user_attrs_pretrain Adv AUC,user_attrs_pretrain Head AUC,user_attrs_rand AUC avg,user_attrs_rand AUC std,user_attrs_reconstruction loss,state
0,0.8467857062816619,2024-03-14 01:07:00,2024-03-14 01:10:21,0 days 00:03:21,tanh,0.0,6,0.0022604204435487333,23,2,2.8721852927482248,357,0.0020377550184593573,0.8536953330039978,0.8914027214050293,0.8467857062816619,0.02612616357268469,2736,0.6946603655815125,,0.866095228989919,0.014897316257222449,0.5713236331939697,COMPLETE
1,0.8683452288309733,2024-03-14 01:10:21,2024-03-14 01:29:24,0 days 00:19:03,sigmoid,0.4,156,0.003650286706341042,74,4,3.0862933567397537,376,0.0003838263098711731,0.9064856171607971,0.8770738840103149,0.8683452288309733,0.016153098135825526,2736,0.6950237154960632,,0.8779999772707622,0.01631628869124713,0.6612937450408936,COMPLETE
2,0.8426190475622813,2024-03-14 01:29:24,2024-03-14 01:32:58,0 days 00:03:34,tanh,0.30000000000000004,14,0.000636128803540158,25,5,0.11000803856007593,215,0.008013744774808984,0.847662091255188,0.9132729768753052,0.8426190475622813,0.032690238396150706,2736,0.6951813697814941,,0.8632619063059489,0.010350456201111236,0.6738731265068054,COMPLETE
3,0.8642261842886607,2024-03-14 01:32:58,2024-03-14 01:37:32,0 days 00:04:34,sigmoid,0.30000000000000004,27,0.0025199118349779662,4,5,2.476219412053383,31,0.00043680726250516576,0.896304726600647,0.8989441990852356,0.8642261842886607,0.01694281221836087,2736,0.5144628286361694,,0.8692261934280395,0.011138853426304643,0.9752881526947021,COMPLETE
4,0.631809538602829,2024-03-14 01:37:32,2024-03-14 01:43:38,0 days 00:06:06,sigmoid,0.4,49,0.00047192017411659936,8,4,0.8138760407288342,134,0.007129352010571745,0.6968326568603516,0.9117647409439087,0.631809538602829,0.08360088447458083,2736,0.5992738604545593,,0.8594761908054351,0.006623839450674326,0.695050060749054,COMPLETE
5,0.8284047583738963,2024-03-14 01:43:38,2024-03-14 01:53:06,0 days 00:09:28,leakyrelu,0.1,96,0.0005277686121388724,6,2,1.1128475512445941,80,0.005460553944369728,0.8699095249176025,0.9162896275520325,0.8284047583738963,0.012111198386388203,2736,0.80852210521698,,0.850035697221756,0.011908941344127524,0.5644997954368591,COMPLETE
6,0.8776190400123596,2024-03-14 01:53:06,2024-03-14 01:59:45,0 days 00:06:39,tanh,0.1,42,0.002406975971325853,91,4,1.3268468954147647,12,0.00024574977685860053,0.8883861303329468,0.8978129625320435,0.8776190400123596,0.0177861299294835,2736,0.6478673815727234,,0.8738928576310475,0.012978052300285805,0.5360545516014099,COMPLETE
7,0.830476188659668,2024-03-14 01:59:45,2024-03-14 02:05:57,0 days 00:06:12,leakyrelu,0.0,19,0.008152842034961257,44,5,9.697931002904912,200,0.0034911276109430233,0.8687783479690552,0.8642534613609314,0.830476188659668,0.02806899530623259,2736,0.9953290224075317,,0.8418333232402802,0.02258596521344513,0.43607091903686523,COMPLETE
8,0.8426190555095673,2024-03-14 02:05:57,2024-03-14 02:08:25,0 days 00:02:28,leakyrelu,0.0,7,0.0019620535346033716,5,3,2.058079719511831,21,0.007850880229029484,0.8665158748626709,0.9110106229782104,0.8426190555095673,0.04058933675934726,2736,0.7784785032272339,,0.8455476144949595,0.019688641784485497,0.5284337997436523,COMPLETE
9,0.8652856985727946,2024-03-14 02:08:25,2024-03-14 02:23:07,0 days 00:14:42,sigmoid,0.0,165,0.004121371714688182,6,5,0.14856617033860403,12,0.0002635330658847212,0.8763197660446167,0.8914026618003845,0.8652856985727946,0.02016520760648725,2736,0.5349571108818054,,0.8711666544278462,0.018880202761762114,0.6690981984138489,COMPLETE
10,0.8640595297018687,2024-03-14 02:23:07,2024-03-14 02:29:53,0 days 00:06:46,tanh,0.2,53,0.00010443045861253413,81,1,0.3074011807838216,10,0.00011660473632225527,0.9079940319061279,0.9132730960845947,0.8640595297018687,0.0062722376265928696,2736,0.6045628786087036,,0.8619047602017721,0.006174437074633671,0.5052705407142639,COMPLETE
11,0.8689523657162984,2024-03-14 02:29:53,2024-03-14 02:54:27,0 days 00:24:34,tanh,0.2,218,0.009458049128736537,91,4,4.70732744199241,38,0.0006385065807558272,0.9079939723014832,0.8989441990852356,0.8689523657162984,0.021943411322248696,2736,0.7032681107521057,,0.864464282989502,0.027919308212221685,0.5724672079086304,COMPLETE
12,0.8586547613143921,2024-03-14 02:54:27,2024-03-14 03:22:28,0 days 00:28:01,tanh,0.2,244,0.009164189643564084,98,4,7.253164630799694,31,0.000953408400946744,0.878582239151001,0.9117647409439087,0.8586547613143921,0.021533399292860564,2736,0.7549973726272583,,0.8642142792542775,0.03898396034106358,0.553088903427124,COMPLETE
13,0.8593690355618795,2024-03-14 03:22:28,2024-03-14 03:32:21,0 days 00:09:53,tanh,0.1,77,0.006419460450978561,44,3,0.5972071655024273,54,0.0009210593629651644,0.8484162092208862,0.8536953330039978,0.8593690355618795,0.02480976746755622,2736,0.6876497864723206,,0.8543809493382771,0.02659213070723034,0.5383332967758179,COMPLETE
14,0.871785722176234,2024-03-14 03:32:21,2024-03-14 03:35:22,0 days 00:03:01,tanh,0.1,12,0.0014823694349982773,13,4,5.089300270056037,17,0.00012774456321418615,0.8974359035491943,0.8650075197219849,0.871785722176234,0.01392246566211046,2736,0.4914673864841461,,0.8649761935075124,0.012764866496428908,0.6150130033493042,COMPLETE
15,0.8672976235548655,2024-03-14 03:35:23,2024-03-14 03:38:26,0 days 00:03:03,tanh,0.1,11,0.0011102660916834464,12,3,1.3291537404222344,15,0.00010424946340945817,0.8800904750823975,0.8966817259788513,0.8672976235548655,0.01072763721868466,2736,0.48793932795524597,,0.8654642879962922,0.01091445816730866,0.6191165447235107,COMPLETE
16,0.87105952501297,2024-03-14 03:38:26,2024-03-14 03:42:29,0 days 00:04:03,tanh,0.1,26,0.0012755850214336208,13,4,0.5057317723805036,20,0.0002149735687437658,0.8974359035491943,0.9110106229782104,0.87105952501297,0.011737064186278921,2736,0.5353737473487854,,0.869345243771871,0.011239907007553196,0.5792304277420044,COMPLETE
17,0.8577619055906932,2024-03-14 03:42:29,2024-03-14 03:45:17,0 days 00:02:48,tanh,0.1,9,0.00026583834219291285,15,2,5.319686960012183,18,0.00018283136799192987,0.9177979230880737,0.919306218624115,0.8577619055906932,0.007837054237900726,2736,0.5323641896247864,,0.8575476308663686,0.010638909078427496,0.5935367941856384,COMPLETE
18,0.8756428440411885,2024-03-14 03:45:17,2024-03-14 03:50:57,0 days 00:05:40,tanh,0.30000000000000004,39,0.0015026230683991032,34,4,1.7489855719485097,75,0.00015930971849290415,0.898189902305603,0.9064856767654419,0.8756428440411885,0.009820851743706022,2736,0.53273606300354,,0.8729404747486115,0.011758500517496898,0.5979766845703125,COMPLETE
19,0.846952372789383,2024-03-14 03:50:58,2024-03-14 03:56:42,0 days 00:05:44,leakyrelu,0.30000000000000004,40,0.0037952253263449664,44,3,1.5203419235888798,96,0.0003862964645411966,0.8646304607391357,0.889894425868988,0.846952372789383,0.026058166843454036,2736,0.9508453607559204,,0.8382619043191274,0.01995374959978357,0.597187340259552,COMPLETE
20,0.8654404719670613,2024-03-14 03:56:42,2024-03-14 04:04:50,0 days 00:08:08,tanh,0.30000000000000004,76,0.0008167227423859655,31,1,0.3041229562914166,119,0.0024009272167918503,0.8996983766555786,0.8981900215148926,0.8654404719670613,0.01674531870051906,2736,0.6396591663360596,,0.8673452397187551,0.009124364586275234,0.5906683206558228,COMPLETE
21,0.8722023765246073,2024-03-14 04:04:50,2024-03-14 04:09:07,0 days 00:04:17,tanh,0.2,22,0.0015648279018025423,62,4,1.9036734771532668,42,0.00015713572015867229,0.9042233228683472,0.8793363571166992,0.8722023765246073,0.01269543494708164,2736,0.6016378998756409,,0.8737857004006704,0.012098173042751114,0.5802686214447021,COMPLETE
22,0.8771904587745667,2024-03-14 04:09:07,2024-03-14 04:13:08,0 days 00:04:01,tanh,0.2,20,0.0017447493309127114,47,4,1.7395410914228862,67,0.00017614654123709777,0.8996983766555786,0.8959275484085083,0.8771904587745667,0.011438162772250321,2736,0.5888879895210266,,0.873964273929596,0.010400291362669675,0.5895201563835144,COMPLETE
23,0.8707738081614177,2024-03-14 04:13:08,2024-03-14 04:18:44,0 days 00:05:36,tanh,0.30000000000000004,36,0.0030575957230153245,58,3,0.8399653795463423,64,0.0002734834033598523,0.8800904750823975,0.8921568393707275,0.8707738081614177,0.01875256883677935,2736,0.611271321773529,,0.8761071383953094,0.021868370424530947,0.5922665596008301,COMPLETE
24,0.8665952364603678,2024-03-14 04:18:44,2024-03-14 04:22:22,0 days 00:03:38,tanh,0.2,17,0.005025807049340399,32,5,1.5235443357035001,183,0.00028998949105880076,0.8996983766555786,0.8951734304428101,0.8665952364603678,0.021464204169122612,2736,0.5851678252220154,,0.8688571472962697,0.0213732167106499,0.5834245085716248,COMPLETE
25,0.8685595154762268,2024-03-14 04:22:22,2024-03-14 04:30:17,0 days 00:07:55,tanh,0.4,61,0.0008470294656731922,54,4,3.5548404877023225,52,0.0006063232817504553,0.8872548937797546,0.8755655884742737,0.8685595154762268,0.009592224069848906,2736,0.6338798403739929,,0.8692619025707244,0.01045232463490712,0.6209874153137207,COMPLETE
26,0.868321426709493,2024-03-14 04:30:17,2024-03-14 04:35:12,0 days 00:04:55,tanh,0.30000000000000004,31,0.002172539497993573,34,3,0.6664844681858124,25,0.00016406251045796849,0.8642534613609314,0.9170437455177307,0.868321426709493,0.017344096583605376,2736,0.5489633083343506,,0.86832142273585,0.01776623783090474,0.6140464544296265,COMPLETE
27,0.8885000050067902,2024-03-14 04:35:12,2024-03-14 04:40:34,0 days 00:05:22,tanh,0.2,41,0.0002467314617474428,19,4,0.35163392031155133,499,0.0013999096655586156,0.9215686321258545,0.9125188589096069,0.8885000050067902,0.017284487612936866,2736,0.6049112677574158,,0.8603928645451864,0.005400897079150243,0.6437765955924988,COMPLETE
28,0.8476666927337646,2024-03-14 04:40:34,2024-03-14 04:52:16,0 days 00:11:42,sigmoid,0.2,103,0.0002016712073662419,18,5,0.3837326853548148,445,0.0006985538466050934,0.9102564454078674,0.9162896275520325,0.8476666927337646,0.008394870923444757,2736,0.6192561388015747,,0.8567500174045563,0.003960206819461349,0.6265100240707397,COMPLETE
29,0.839166659116745,2024-03-14 04:52:16,2024-03-14 04:56:01,0 days 00:03:45,leakyrelu,0.2,22,0.000325001236673069,9,3,0.2281955251036699,258,0.0018411694685442777,0.890648603439331,0.9079939723014832,0.839166659116745,0.01873833325951182,2736,0.8197395205497742,,0.8497142771879832,0.011462139264253162,0.5901129841804504,COMPLETE
30,0.764285683631897,2024-03-14 04:56:01,2024-03-14 04:58:09,0 days 00:02:08,tanh,0.1,6,0.00011199628535422376,22,4,1.0444359653682573,128,0.0015347661520387801,,,,,2736,0.6711263060569763,,,,0.6049817800521851,PRUNED
31,0.8700119157632192,2024-03-14 04:58:09,2024-03-14 05:03:55,0 days 00:05:46,tanh,0.2,44,0.002554219202529641,25,4,2.25791808085367,291,0.00021621401091888147,0.9215685725212097,0.8921568989753723,0.8700119157632192,0.01965010724601261,2736,0.5341468453407288,,0.8641071319580078,0.0204516828847453,0.6169305443763733,COMPLETE
32,0.8709880828857421,2024-03-14 05:03:56,2024-03-14 05:09:34,0 days 00:05:38,tanh,0.30000000000000004,33,0.0017382805643580042,69,4,3.2872246083412273,91,0.0012925995491666125,0.9155354499816895,0.8763197660446167,0.8709880828857421,0.0199409530655589,2736,0.6957896947860718,,0.8740238070487976,0.012126370205453287,0.5912245512008667,COMPLETE
33,0.8729642788569133,2024-03-14 05:09:34,2024-03-14 05:17:01,0 days 00:07:27,tanh,0.4,64,0.0009158619008309883,20,5,1.6888106633427806,159,0.0004961135712294984,0.8891403079032898,0.8944193124771118,0.8729642788569133,0.010311951766721186,2736,0.5531576871871948,,0.8714285572369893,0.007160694689897066,0.6613137722015381,COMPLETE
34,0.8209523697694142,2024-03-14 05:17:01,2024-03-14 05:20:36,0 days 00:03:35,tanh,0.2,16,0.00016979712787050898,35,4,1.2103393861563168,494,0.002821739636752077,0.8589743971824646,0.9140270948410034,0.8209523697694142,0.030374264254699204,2736,0.6985877752304077,,0.8566666642824808,0.00780356245251597,0.599452018737793,COMPLETE
35,0.8634285807609559,2024-03-14 05:20:36,2024-03-14 05:25:49,0 days 00:05:13,sigmoid,0.30000000000000004,28,0.0005906209476993977,27,4,2.7155295094976135,359,0.0003093049477078757,0.9057315587997437,0.9117647409439087,0.8634285807609559,0.006574149317579376,2736,0.6308266520500183,,0.8592500150203705,0.005903395961187231,0.7048184871673584,COMPLETE
36,0.8748690446217855,2024-03-14 05:25:49,2024-03-14 05:32:00,0 days 00:06:11,tanh,0.30000000000000004,43,0.003142986614374284,47,5,0.8811872863942364,258,0.00014411942800653772,0.8702865839004517,0.8944193124771118,0.8748690446217855,0.01575009465010308,2736,0.5257987380027771,,0.8671309451262156,0.01859418241098828,0.5926126837730408,COMPLETE
37,0.8690000116825104,2024-03-14 05:32:00,2024-03-14 05:36:43,0 days 00:04:43,tanh,0.4,23,0.00036494794853350295,75,5,0.1628779191320837,75,0.0012982328064488006,0.9200603365898132,0.9087481498718262,0.8690000116825104,0.012126885371759598,2736,0.7275676727294922,,0.8679523905118306,0.007404686462158605,0.5826696753501892,COMPLETE
38,0.8157142400741577,2024-03-14 05:36:43,2024-03-14 05:41:26,0 days 00:04:43,sigmoid,0.0,96,0.0007270332409562367,38,3,0.70949582777439,26,0.0039039217038210976,,,,,2736,0.7396023273468018,,,,0.6492425203323364,PRUNED
39,0.8338928639888763,2024-03-14 05:41:26,2024-03-14 05:48:20,0 days 00:06:54,leakyrelu,0.2,54,0.002525464892325305,18,4,0.5125065047615189,103,0.0002000447000243926,0.8597284555435181,0.8717949390411377,0.8338928639888763,0.02424249130844051,2736,0.8963413238525391,,0.8454761683940888,0.02391885354821474,0.5830802321434021,COMPLETE
40,0.8731785813967387,2024-03-14 05:48:20,2024-03-14 06:00:54,0 days 00:12:34,tanh,0.1,122,0.0014455534226755086,28,2,2.4603066234620963,14,0.0004715586935545749,0.8887631893157959,0.8861236572265625,0.8731785813967387,0.009289088523269262,2736,0.6465195417404175,,0.8740238070487976,0.011384933502919907,0.6176691651344299,COMPLETE
41,0.8716190338134766,2024-03-14 06:00:54,2024-03-14 06:06:55,0 days 00:06:01,tanh,0.30000000000000004,41,0.003077248647755811,42,5,0.856660944631512,409,0.00013738480486211852,0.8936651945114136,0.9019607305526733,0.8716190338134766,0.02537435713924483,2736,0.5282513499259949,,0.8723928431669871,0.024578784169727558,0.5946205258369446,COMPLETE
42,0.875464278459549,2024-03-14 06:06:55,2024-03-14 06:12:30,0 days 00:05:35,tanh,0.30000000000000004,35,0.0011606048670844635,52,5,1.049474329451131,289,0.00010365338954436347,0.8921568989753723,0.890648603439331,0.875464278459549,0.009591188277010422,2736,0.5314698219299316,,0.8727499941984812,0.011056872542958613,0.5740779638290405,COMPLETE
43,0.8719285627206167,2024-03-14 06:12:30,2024-03-14 06:17:55,0 days 00:05:25,tanh,0.4,35,0.0011512714789554432,51,5,1.2536021058779947,323,0.00010598521690035183,0.885369598865509,0.8989441990852356,0.8719285627206167,0.010863879661562005,2736,0.5184037089347839,,0.8723095178604126,0.009867207201616088,0.6213369369506836,COMPLETE
44,0.8663809398810068,2024-03-14 06:17:55,2024-03-14 06:22:42,0 days 00:04:47,tanh,0.30000000000000004,27,0.0004459340346256029,69,4,1.805903030322639,158,0.0003358575816703424,0.9095022678375244,0.9042232036590576,0.8663809398810068,0.008825940374501871,2736,0.6523790955543518,,0.8674642880757649,0.007269337966198667,0.5820998549461365,COMPLETE
45,0.8776071270306905,2024-03-14 06:22:43,2024-03-14 06:30:21,0 days 00:07:38,tanh,0.2,53,0.0019427224936231276,88,5,1.0403829274941438,10,0.00023709070801297442,0.9076168537139893,0.8785821795463562,0.8776071270306905,0.012703822322634846,2736,0.646483302116394,,0.8744047582149506,0.012419570461638515,0.5443516373634338,COMPLETE
46,0.8643214166164398,2024-03-14 06:30:21,2024-03-14 06:39:57,0 days 00:09:36,sigmoid,0.2,70,0.0018237391481678268,88,4,3.8318933911245576,13,0.00023626668053810526,0.8959275484085083,0.8993211984634399,0.8643214166164398,0.011360796594468581,2736,0.6713361740112305,,0.8634404699007671,0.009502276565084403,0.5977333188056946,COMPLETE
47,0.8444523751735687,2024-03-14 06:39:57,2024-03-14 06:47:04,0 days 00:07:07,leakyrelu,0.2,51,0.0020825529740633787,82,3,0.409749662003621,10,0.0007858523127097008,0.8970588445663452,0.8800904750823975,0.8444523751735687,0.02491408748766605,2736,0.9931329488754272,,0.8437737961610158,0.022643845205991827,0.48739954829216003,COMPLETE
48,0.8716428518295288,2024-03-14 06:47:04,2024-03-14 06:51:18,0 days 00:04:14,tanh,0.1,19,0.0047310550615079884,69,4,2.1009514315461253,10,0.00039462015640619126,0.8910256624221802,0.8936651945114136,0.8716428518295288,0.020177898500178246,2736,0.6874344348907471,,0.8622738023598989,0.02107555245030785,0.5347792506217957,COMPLETE
49,0.8678214271863302,2024-03-14 06:51:18,2024-03-14 06:56:27,0 days 00:05:09,tanh,0.0,14,0.0013502121301603518,93,5,1.410964169064195,37,0.00018684893672418144,0.9027149677276611,0.8868777751922607,0.8678214271863302,0.010767471629575162,2736,0.6599891781806946,,0.8691785832246145,0.01227663178856609,0.4910823106765747,COMPLETE
50,0.8576666673024496,2024-03-14 06:56:28,2024-03-14 07:08:43,0 days 00:12:15,tanh,0.2,87,0.006359625614511024,98,4,0.1337153390270217,12,0.0005391654537605159,0.8914027214050293,0.8861236572265625,0.8576666673024496,0.0232206410354131,2736,0.7238941788673401,,0.8763571302096049,0.016441342159224756,0.5214565992355347,COMPLETE
51,0.8665357172489166,2024-03-14 07:08:43,2024-03-14 07:16:22,0 days 00:07:39,tanh,0.2,58,0.0010372591099666892,62,5,1.0509208608490872,206,0.00012393554040832048,0.8944193124771118,0.889894425868988,0.8665357172489166,0.010300820246408698,2736,0.566859781742096,,0.8737500011920929,0.009481793144878127,0.5759459733963013,COMPLETE
52,0.8389047682285309,2024-03-14 07:16:22,2024-03-14 07:24:34,0 days 00:08:12,tanh,0.2,47,0.002468078163530131,51,5,0.9864305076277359,63,0.009931555867846118,0.8122171759605408,0.9079939126968384,0.8389047682285309,0.0281382176197956,2736,0.7287139296531677,,0.867071412007014,0.01678478867041322,0.6615475416183472,COMPLETE
53,0.8728452225526174,2024-03-14 07:24:34,2024-03-14 07:29:47,0 days 00:05:13,tanh,0.1,30,0.0017537338908484394,79,5,1.635420553308922,498,0.00016814179879645968,0.9012066125869751,0.8921568393707275,0.8728452225526174,0.011040849833890087,2736,0.6221634745597839,,0.8722023745377858,0.01582753611355855,0.546593427658081,COMPLETE
54,0.877261886994044,2024-03-14 07:29:47,2024-03-14 07:35:17,0 days 00:05:30,tanh,0.30000000000000004,38,0.0011349366264690407,41,4,0.7068425384734269,16,0.00010117355202325298,0.8929109573364258,0.9079939126968384,0.877261886994044,0.010772201585922809,2736,0.5234151482582092,,0.8709642668565114,0.009645555976889795,0.5632979273796082,COMPLETE
55,0.8660833338896433,2024-03-14 07:35:17,2024-03-14 07:40:45,0 days 00:05:28,tanh,0.1,37,0.0006511017639655497,39,4,0.5994658068379792,12,0.0002513768009864611,0.9012067317962646,0.9012066125869751,0.8660833338896433,0.0075977131170512835,2736,0.6142704486846924,,0.8645238180955251,0.009372907274012299,0.5943395495414734,COMPLETE
56,0.870321410894394,2024-03-14 07:40:45,2024-03-14 07:44:48,0 days 00:04:03,tanh,0.2,25,0.001576182604281136,10,4,0.2520269488535825,16,0.0001266583057093129,0.8951733112335205,0.9019607305526733,0.870321410894394,0.010948372576001078,2736,0.4885982871055603,,0.868452380100886,0.01246196170443795,0.6107679009437561,COMPLETE
57,0.8725476165612539,2024-03-14 07:44:48,2024-03-14 07:50:29,0 days 00:05:41,tanh,0.30000000000000004,49,0.0020138477774078586,16,3,0.7451394739932827,21,0.00015173324303639044,0.8996983170509338,0.8951734304428101,0.8725476165612539,0.012446055657728156,2736,0.5380978584289551,,0.8745595256487528,0.01548717773988245,0.600020170211792,COMPLETE
58,0.8368452390034994,2024-03-14 07:50:30,2024-03-14 07:54:12,0 days 00:03:42,leakyrelu,0.30000000000000004,20,0.0009301625499188002,28,4,0.4556252807514746,24,0.00034336285850529983,0.8966817259788513,0.8785821199417114,0.8368452390034994,0.015727033035228894,2736,0.9334684014320374,,0.8472976128260294,0.01561268529592746,0.6133424043655396,COMPLETE
59,0.8744761943817139,2024-03-14 07:54:12,2024-03-14 08:02:42,0 days 00:08:30,tanh,0.2,68,0.0012487692384023721,60,3,0.3350717736824398,18,0.00018430356845742846,0.8951734304428101,0.890648603439331,0.8744761943817139,0.01032701897846333,2736,0.5929004549980164,,0.8749285658200582,0.007987772664221869,0.5561083555221558,COMPLETE
60,0.8593809525171916,2024-03-14 08:02:42,2024-03-14 08:09:00,0 days 00:06:18,sigmoid,0.1,40,0.0007419785099994317,22,4,2.000571464876638,31,0.0002260148350986536,0.9012066125869751,0.9215686321258545,0.8593809525171916,0.006720193356292615,2736,0.6365053057670593,,0.856511918703715,0.004927779717445112,0.5813090801239014,COMPLETE
61,0.8708452224731446,2024-03-14 08:09:00,2024-03-14 08:14:34,0 days 00:05:34,tanh,0.30000000000000004,37,0.0010977301809684298,48,5,1.3774235582369445,11,0.0001035231782206978,0.8853694796562195,0.8929110765457153,0.8708452224731446,0.011097314700492529,2736,0.5288660526275635,,0.8697261949380238,0.007648014684679072,0.5748882293701172,COMPLETE
62,0.874357130130132,2024-03-14 08:14:34,2024-03-14 08:19:43,0 days 00:05:09,tanh,0.30000000000000004,32,0.0015512989388320724,55,4,0.9930156117165077,49,0.00011671935672390644,0.9004524946212769,0.88310706615448,0.874357130130132,0.012655625669470353,2736,0.5323213338851929,,0.8732738057772319,0.011597369962900604,0.5735023617744446,COMPLETE
63,0.8762023707230886,2024-03-14 08:19:43,2024-03-14 08:27:07,0 days 00:07:24,tanh,0.30000000000000004,58,0.0012863461166748476,41,5,1.1997413146175362,234,0.00014057923697902364,0.8914027214050293,0.8853695392608643,0.8762023707230886,0.01003161548138392,2736,0.5148237943649292,,0.8716904560724894,0.014028619290127452,0.6164036393165588,COMPLETE
64,0.879321402311325,2024-03-14 08:27:07,2024-03-14 08:34:17,0 days 00:07:10,tanh,0.4,56,0.0027643424516147854,40,5,1.2343286727864167,236,0.00014070937063981117,0.918552041053772,0.8665157556533813,0.879321402311325,0.013269949601605765,2736,0.5383025407791138,,0.8720357060432434,0.01747815329881252,0.6062380075454712,COMPLETE
65,0.8677023788293202,2024-03-14 08:34:17,2024-03-14 08:42:16,0 days 00:07:59,tanh,0.4,60,0.003533049579212676,4,5,0.5848848800799595,172,0.0001365185079275727,0.9166666269302368,0.9147812724113464,0.8677023788293202,0.016666665723063162,2736,0.5110733509063721,,0.8650119026501973,0.02359731570038181,0.6654457449913025,COMPLETE
66,0.8725833098093668,2024-03-14 08:42:16,2024-03-14 08:52:04,0 days 00:09:48,tanh,0.4,81,0.002890933654874371,40,5,1.2110507504636097,224,0.0002631767031071878,0.9034690856933594,0.8914027214050293,0.8725833098093668,0.016586362093160296,2736,0.5641974210739136,,0.8780714074770609,0.020705377779293127,0.6485594511032104,COMPLETE
67,0.8691071510314942,2024-03-14 08:52:04,2024-03-14 08:58:01,0 days 00:05:57,tanh,0.4,53,0.004296556295670446,6,5,0.8629427523494516,144,0.0010653187039021976,0.9072397351264954,0.9219457507133484,0.8691071510314942,0.018095717727794863,2736,0.5249597430229187,,0.868880961338679,0.018881499734543096,0.6690678000450134,COMPLETE
68,0.8700833340485891,2024-03-14 08:58:01,2024-03-14 09:11:20,0 days 00:13:19,tanh,0.2,124,0.0023145267846670604,32,5,0.20821572179976133,242,0.00017375725728412678,0.9000754356384277,0.9049773812294006,0.8700833340485891,0.0234463830293265,2736,0.5399618744850159,,0.8653809388478597,0.02412885740187467,0.5797019600868225,COMPLETE
69,0.8601666609446208,2024-03-14 09:11:20,2024-03-14 09:14:04,0 days 00:02:44,tanh,0.4,9,0.0019674946685471558,36,1,1.5067026131548926,104,0.00193947101442263,0.9140271544456482,0.9034690260887146,0.8601666609446208,0.02190245211791682,2736,0.6386934518814087,,0.868404750029246,0.011950408626835399,0.588097095489502,COMPLETE
70,0.8680119117101034,2024-03-14 09:14:04,2024-03-14 09:21:03,0 days 00:06:59,tanh,0.2,47,0.0036626544928916927,86,5,1.1701049188965562,15,0.00021056281785463807,0.8763197660446167,0.871417760848999,0.8680119117101034,0.018401391100390758,2736,0.6650213599205017,,0.8712976257006327,0.015434325602958111,0.5320913195610046,COMPLETE
71,0.8730714182058971,2024-03-14 09:21:04,2024-03-14 09:28:30,0 days 00:07:26,tanh,0.30000000000000004,59,0.0027801342232643238,43,4,1.8018227840901255,318,0.00014243922233445457,0.9019608497619629,0.882352888584137,0.8730714182058971,0.02334095946496382,2736,0.5370537638664246,,0.8750952263673146,0.018350088834475226,0.6095864176750183,COMPLETE
72,0.8745952248573303,2024-03-14 09:28:30,2024-03-14 09:34:42,0 days 00:06:12,tanh,0.30000000000000004,44,0.0013749491787633467,46,4,2.940647137133058,381,0.00016347251350718644,0.9000754356384277,0.8951734900474548,0.8745952248573303,0.011927623750509483,2736,0.5630422830581665,,0.8758095284303029,0.007551368034805215,0.6106966137886047,COMPLETE
73,0.866357151667277,2024-03-14 09:34:43,2024-03-14 09:43:08,0 days 00:08:25,tanh,0.2,71,0.00013142029520326874,30,4,2.4501754343169257,40,0.00011832760581118103,0.9132729768753052,0.9095022678375244,0.866357151667277,0.004714102869995734,2736,0.5111920237541199,,0.8620952308177948,0.006791188377078367,0.5939399600028992,COMPLETE
74,0.8775357127189636,2024-03-14 09:43:08,2024-03-14 09:48:11,0 days 00:05:03,tanh,0.30000000000000004,30,0.001633142600223427,65,4,1.3852247272532887,81,0.0002048565005188915,0.8951734304428101,0.8763198256492615,0.8775357127189636,0.014647019634402318,2736,0.6053417921066284,,0.8699642956256867,0.02038393130210575,0.5798461437225342,COMPLETE
75,0.8748809456825256,2024-03-14 09:48:11,2024-03-14 09:53:19,0 days 00:05:08,tanh,0.4,30,0.00169631336411178,75,4,0.7573409701607213,184,0.0002863129423642829,0.8929110169410706,0.8921568393707275,0.8748809456825256,0.020705122727774618,2736,0.6312884092330933,,0.8727976063887278,0.01738986969524691,0.6093540191650391,COMPLETE
76,0.8460714240868886,2024-03-14 09:53:19,2024-03-14 09:58:00,0 days 00:04:41,leakyrelu,0.30000000000000004,25,0.0018362549236365237,65,5,0.6487549756395156,59,0.00020396427141301853,0.9034690856933594,0.8959276080131531,0.8460714240868886,0.026224934245363794,2736,0.9548477530479431,,0.8353095193703969,0.02735410373650542,0.590699315071106,COMPLETE
77,0.8731309493382772,2024-03-14 09:58:00,2024-03-14 10:04:20,0 days 00:06:20,tanh,0.0,44,0.0022145312030348906,57,4,1.32166109944572,121,0.00024095029202631158,0.9072397947311401,0.8819758892059326,0.8731309493382772,0.009884395054692576,2736,0.6822830438613892,,0.8688690443833669,0.016245116570516128,0.5086943507194519,COMPLETE
78,0.8545714378356933,2024-03-14 10:04:20,2024-03-14 10:08:31,0 days 00:04:11,sigmoid,0.2,16,0.00022874738763663295,97,3,0.9396979116581098,429,0.0011100784587319322,0.888386070728302,0.9132729172706604,0.8545714378356933,0.016680866864055472,2736,0.7870898246765137,,0.846404763062795,0.0067900760215645825,0.6159847974777222,COMPLETE
79,0.869904750585556,2024-03-14 10:08:31,2024-03-14 10:16:21,0 days 00:07:50,tanh,0.30000000000000004,55,0.0009782966517473352,66,2,1.1173408580555961,84,0.00015077170330659358,0.9000754356384277,0.9110106229782104,0.869904750585556,0.010434813594326846,2736,0.5916800498962402,,0.8702261845270792,0.01072755976746285,0.5794705152511597,COMPLETE
80,0.8619285742441813,2024-03-14 10:16:21,2024-03-14 10:20:40,0 days 00:04:19,tanh,0.2,20,0.0012807201810625065,76,5,1.5312872861384594,11,0.0016187852804620823,0.9140270948410034,0.9102563858032227,0.8619285742441813,0.01491860571561118,2736,0.742464005947113,,0.8747261901696523,0.011434781610155537,0.5613527297973633,COMPLETE
81,0.8712380826473236,2024-03-14 10:20:40,2024-03-14 10:26:10,0 days 00:05:30,tanh,0.30000000000000004,39,0.0016087634917877078,25,4,1.7056752401465074,69,0.0001889768860507675,0.9193061590194702,0.8906484842300415,0.8712380826473236,0.012226500517701615,2736,0.5399124026298523,,0.8745952546596527,0.011502272240514462,0.6060734987258911,COMPLETE
82,0.8760237991809845,2024-03-14 10:26:10,2024-03-14 10:31:43,0 days 00:05:33,tanh,0.30000000000000004,33,0.001449981758774894,36,4,2.0917952865768283,46,0.0001129598652475674,0.8974359035491943,0.8989441394805908,0.8760237991809845,0.010606885955595799,2736,0.5263190269470215,,0.8720237990220387,0.013185102684981258,0.5783928632736206,COMPLETE
83,0.8665357152620952,2024-03-14 10:31:43,2024-03-14 10:37:08,0 days 00:05:25,tanh,0.30000000000000004,33,0.0008073251126259793,37,4,2.154272670773594,46,0.00010021108657724968,0.9034690260887146,0.9072398543357849,0.8665357152620952,0.00909984826785927,2736,0.5013821721076965,,0.8688214103380839,0.008145235717537929,0.5624352693557739,COMPLETE
84,0.8671904603640238,2024-03-14 10:37:08,2024-03-14 10:41:55,0 days 00:04:47,tanh,0.30000000000000004,28,0.0026986609136309884,49,4,1.376835636502865,14,0.00013295852171248804,0.8612367510795593,0.8838613033294678,0.8671904603640238,0.024380193024031372,2736,0.5316966772079468,,0.8720237990220387,0.019059375803702417,0.6012974381446838,COMPLETE
85,0.8774880806605021,2024-03-14 10:41:55,2024-03-14 10:46:22,0 days 00:04:27,tanh,0.4,23,0.003409075430658527,41,4,2.721763423787469,34,0.00011144144519997379,0.8612367510795593,0.9004524946212769,0.8774880806605021,0.017937551041532662,2736,0.5176783204078674,,0.874523808558782,0.014514045877724912,0.6029365658760071,COMPLETE
86,0.8597380816936493,2024-03-14 10:46:22,2024-03-14 10:50:56,0 days 00:04:34,tanh,0.4,23,0.0024228613886173125,41,5,2.682077328454073,18,0.0022992552201601757,0.933634877204895,0.9064855575561523,0.8597380816936493,0.020372793972032257,2736,0.694358229637146,,0.8741666615009308,0.017054920821697447,0.6221370697021484,COMPLETE
87,0.8763928433259328,2024-03-14 10:50:56,2024-03-14 10:58:13,0 days 00:07:17,tanh,0.4,48,0.0031833157116114407,55,3,9.51373389915769,20,0.00015332057732120498,0.8944193124771118,0.8898943662643433,0.8763928433259328,0.0154562961947551,2736,0.5545029044151306,,0.8768928468227386,0.02216360935202937,0.5861896276473999,COMPLETE
88,0.8672142744064331,2024-03-14 10:58:13,2024-03-14 11:02:19,0 days 00:04:06,tanh,0.4,17,0.0064804012544286424,61,3,4.412080512435365,24,0.00016935821028427682,0.8853695392608643,0.9079939126968384,0.8672142744064331,0.020162906368549647,2736,0.5591307878494263,,0.875595227877299,0.016505089629591293,0.5790267586708069,COMPLETE
89,0.870107130209605,2024-03-14 11:02:19,2024-03-14 11:06:00,0 days 00:03:41,tanh,0.4,12,0.003327750382672506,87,3,9.298790734951572,34,0.00031098315656638673,0.9042232632637024,0.889140248298645,0.870107130209605,0.01867807954377952,2736,0.6628174781799316,,0.8685238122940063,0.01742226251300179,0.5707657933235168,COMPLETE
90,0.8463214337825775,2024-03-14 11:06:00,2024-03-14 11:12:49,0 days 00:06:49,leakyrelu,0.4,48,0.004041340579020846,54,3,8.751954534352453,20,0.0008096343124239205,0.8770738840103149,0.9117647409439087,0.8463214337825775,0.020038472208047775,2736,0.9719639420509338,,0.8434285740057628,0.0208794009495225,0.609565258026123,COMPLETE
91,0.878249990940094,2024-03-14 11:12:49,2024-03-14 11:21:11,0 days 00:08:22,tanh,0.4,67,0.003219108588320195,45,4,0.7827509081150177,11,0.00012813002857429488,0.893665075302124,0.9072397947311401,0.878249990940094,0.016887826514020318,2736,0.5451134443283081,,0.8713214337825775,0.01642317426015721,0.5938980579376221,COMPLETE
92,0.8748214224974314,2024-03-14 11:21:11,2024-03-14 11:30:48,0 days 00:09:37,tanh,0.4,80,0.005534235554889931,46,4,7.736452992677183,13,0.00012257077550115707,0.8785822987556458,0.9034690260887146,0.8748214224974314,0.01412190539206668,2736,0.5352347493171692,,0.8813928484916687,0.014890276207595815,0.593866765499115,COMPLETE
93,0.8802499890327453,2024-03-14 11:30:48,2024-03-14 11:39:56,0 days 00:09:08,tanh,0.4,67,0.003208412075947875,71,4,5.621694712863732,17,0.0001526694120921678,0.9049773812294006,0.8981900811195374,0.8802499890327453,0.0186625777318042,2736,0.57817542552948,,0.878547606865565,0.017371720967394862,0.5796870589256287,COMPLETE
94,0.8779761890570322,2024-03-14 11:39:56,2024-03-14 11:48:31,0 days 00:08:35,tanh,0.4,66,0.004765528726581679,69,4,3.5772339309114214,11,0.00011330201446100113,0.8589743375778198,0.9193061590194702,0.8779761890570322,0.017664271925034277,2736,0.5500110387802124,,0.8773452281951905,0.013332051444831863,0.5784700512886047,COMPLETE
95,0.8777738114198049,2024-03-14 11:48:31,2024-03-14 12:00:11,0 days 00:11:40,tanh,0.4,97,0.0038931417636557096,72,4,6.3838065463809714,11,0.000121657739716118,0.8815988302230835,0.9102565050125122,0.8777738114198049,0.018927830399918556,2736,0.5429301261901855,,0.8802737991015116,0.02010256308163698,0.6065962314605713,COMPLETE
96,0.8772619009017945,2024-03-14 12:00:11,2024-03-14 12:11:08,0 days 00:10:57,tanh,0.4,88,0.005308370313596939,72,4,6.440539005828086,10,0.00011422788135503927,0.8838613033294678,0.8966817855834961,0.8772619009017945,0.02172677858205887,2736,0.5386320948600769,,0.8747261921564738,0.023139938853686478,0.5640447735786438,COMPLETE
97,0.8762976050376892,2024-03-14 12:11:08,2024-03-14 12:25:33,0 days 00:14:25,sigmoid,0.4,110,0.004278780861717239,81,4,5.350161687026343,11,0.00018848266870175233,0.8966817855834961,0.8891403079032898,0.8762976050376892,0.015169525051898513,2736,0.6299877166748047,,0.8780118942260742,0.01235929414423405,0.6924928426742554,COMPLETE
98,0.8708333313465119,2024-03-14 12:25:34,2024-03-14 12:34:42,0 days 00:09:08,tanh,0.4,64,0.004722719030945933,92,4,6.074267880881327,13,0.00012801806833082982,0.9019607305526733,0.8966817855834961,0.8708333313465119,0.022251723825694836,2736,0.5684043765068054,,0.8784761766592661,0.019513628185373083,0.589586079120636,COMPLETE
99,0.8806666632493337,2024-03-14 12:34:42,2024-03-14 12:44:26,0 days 00:09:44,tanh,0.4,73,0.005973064577473287,83,4,3.910568985181752,12,0.0001569273747277629,0.9042232632637024,0.9230769872665405,0.8806666632493337,0.01699258563217991,2736,0.5753781199455261,,0.8781428575515747,0.017463860175096418,0.5931410193443298,COMPLETE
100,0.8779404759407043,2024-03-14 12:44:26,2024-03-14 12:56:08,0 days 00:11:42,tanh,0.4,95,0.0066698391237324664,71,4,4.688208995070293,12,0.00023562509247357057,0.9004524946212769,0.9049773812294006,0.8779404759407043,0.015461077995606073,2736,0.5647098422050476,,0.880738099416097,0.01885134074873003,0.6177911162376404,COMPLETE
101,0.8690118968486786,2024-03-14 12:56:08,2024-03-14 13:12:47,0 days 00:16:39,tanh,0.4,146,0.00786262800057924,80,4,3.490910766797057,12,0.00021245261113289962,0.8861236572265625,0.9049774408340454,0.8690118968486786,0.022958618384864994,2736,0.594851553440094,,0.8757381021976471,0.020672569561704154,0.627281904220581,COMPLETE
102,0.8796904842058818,2024-03-14 13:12:47,2024-03-14 13:24:00,0 days 00:11:13,tanh,0.4,95,0.0072351620203778295,65,4,4.088824324088075,11,0.00015955570405378684,0.8906485438346863,0.9313726425170898,0.8796904842058818,0.01586151912162951,2736,0.551498293876648,,0.8745357036590576,0.018253484238220923,0.5942312479019165,COMPLETE
103,0.8788809537887573,2024-03-14 13:24:00,2024-03-14 13:35:24,0 days 00:11:24,tanh,0.4,95,0.008163796547691728,72,4,4.139601054365575,11,0.00015459104445845158,0.8567119240760803,0.8898943662643433,0.8788809537887573,0.025281181535980867,2736,0.5640206336975098,,0.879273796081543,0.022189359215409495,0.6001695990562439,COMPLETE
104,0.8728571375211079,2024-03-14 13:35:24,2024-03-14 13:47:11,0 days 00:11:47,tanh,0.4,100,0.008965810127066064,69,4,4.229307247761681,11,0.00015725603188999798,0.9170436859130859,0.8914027214050293,0.8728571375211079,0.02088700485109024,2736,0.5786372423171997,,0.8777023593584696,0.017675420834461962,0.5628258585929871,COMPLETE
105,0.8766071319580078,2024-03-14 13:47:11,2024-03-14 13:58:04,0 days 00:10:53,tanh,0.4,90,0.0069066227670940734,75,4,4.921713473751295,15,0.00013363967908698932,0.918552041053772,0.8959275484085083,0.8766071319580078,0.022152603570665813,2736,0.5597392916679382,,0.8819166481494903,0.017784017474594786,0.5652753710746765,COMPLETE
106,0.8784047563870748,2024-03-14 13:58:04,2024-03-14 14:10:59,0 days 00:12:55,tanh,0.4,109,0.007439995255824897,71,4,4.065592850879329,13,0.0013262250349723678,0.9004524946212769,0.9042232036590576,0.8784047563870748,0.01919881966637212,2736,0.7333277463912964,,0.8743452290693919,0.0154653288741751,0.5566841959953308,COMPLETE
107,0.8697023749351501,2024-03-14 14:10:59,2024-03-14 14:24:13,0 days 00:13:14,tanh,0.4,112,0.009918858502962414,71,4,4.094726049300325,13,0.0016463629251447565,0.8914026618003845,0.8710407018661499,0.8697023749351501,0.023254010752429805,2736,0.7306389808654785,,0.8727500061194102,0.016765978800214628,0.6241145730018616,COMPLETE
108,0.8766190429528554,2024-03-14 14:24:13,2024-03-14 14:33:36,0 days 00:09:23,tanh,0.4,75,0.007768272911661836,64,4,5.657841533167472,11,0.0013290419122246424,0.8755656480789185,0.9155354499816895,0.8766190429528554,0.01766388902214344,2736,0.7146337032318115,,0.8743333299954732,0.020144826437347847,0.6116897463798523,COMPLETE
109,0.8771547655264537,2024-03-14 14:33:36,2024-03-14 14:49:11,0 days 00:15:35,tanh,0.4,139,0.005862259158145471,59,4,6.918653837080594,16,0.0014233969869685884,0.8974358439445496,0.9238311052322388,0.8771547655264537,0.01571280191314795,2736,0.6839001178741455,,0.8768333236376444,0.016050180260922704,0.6032949090003967,COMPLETE
110,0.8780952195326487,2024-03-14 14:49:11,2024-03-14 15:08:58,0 days 00:19:47,tanh,0.4,174,0.007067455835547964,81,4,3.782532357426092,14,0.0001432033511181665,0.889140248298645,0.8393664360046387,0.8780952195326487,0.020932411657241086,2736,0.5803306102752686,,0.876321425040563,0.02245065921401535,0.6054477095603943,COMPLETE
111,0.8756309469540914,2024-03-14 15:08:58,2024-03-14 15:30:16,0 days 00:21:18,tanh,0.4,181,0.0072799028612033755,83,4,3.169055910717381,14,0.0001700619148086436,0.8876320123672485,0.8951734900474548,0.8756309469540914,0.027364494631463683,2736,0.5860274434089661,,0.8769404709339141,0.02215239883200013,0.6129658818244934,COMPLETE
112,0.8692023913065593,2024-03-14 15:30:16,2024-03-14 15:45:20,0 days 00:15:04,tanh,0.4,169,0.005986611520016226,5,4,3.8448264173026736,12,0.00014298895731277715,0.9000754356384277,0.9042232036590576,0.8692023913065593,0.025269760844671713,2736,0.5351073741912842,,0.862845245997111,0.018708850805098404,0.6436269879341125,COMPLETE
113,0.8753095209598541,2024-03-14 15:45:20,2024-03-14 16:10:48,0 days 00:25:28,tanh,0.4,209,0.008486804308316165,98,4,4.992067848963542,14,0.0011382026964900773,0.9049773812294006,0.88310706615448,0.8753095209598541,0.02110243150950173,2736,0.737522304058075,,0.877738086382548,0.025735166129197188,0.5688281059265137,COMPLETE
114,0.8693452219168345,2024-03-14 16:10:48,2024-03-14 16:26:43,0 days 00:15:55,tanh,0.4,126,0.004945340855523044,78,4,4.720332534517649,10,0.005096353113318315,0.9049773216247559,0.8974359035491943,0.8693452219168345,0.024861344591775397,2736,0.7611709237098694,,0.8799047569433848,0.01922696830774989,0.6565922498703003,COMPLETE
115,,2024-03-14 16:26:43,,,tanh,0.4,107,0.007070361628418477,68,4,3.504672734000526,17,0.00012573487552635764,,,,,2736,0.5453819632530212,,,,0.5878233909606934,RUNNING
